MAE,RMSE
24.30525016784668,33.7629514356852
